"","GEOID","B06001_001","B06001_002","B06001_003","B06001_004","B06001_005","B06001_006","B06001_007","B06001_008","B06001_009","B06001_010","B06001_011","B06001_012","B06001_013","B06001_014","B06001_015","B06001_016","B06001_017","B06001_018","B06001_019","B06001_020","B06001_021","B06001_022","B06001_023","B06001_024","B06001_025","B06001_026","B06001_027","B06001_028","B06001_029","B06001_030","B06001_031","B06001_032","B06001_033","B06001_034","B06001_035","B06001_036","B06001_037","B06001_038","B06001_039","B06001_040","B06001_041","B06001_042","B06001_043","B06001_044","B06001_045","B06001_046","B06001_047","B06001_048","B06001_049","B06001_050","B06001_051","B06001_052","B06001_053","B06001_054","B06001_055","B06001_056","B06001_057","B06001_058","B06001_059","B06001_060"
"Clinch County School District, Georgia","1301260",6777,635,1214,501,918,817,867,319,182,315,654,355,5399,565,1135,423,691,614,645,226,127,206,483,284,1254,70,79,78,128,191,219,93,55,102,171,68,10,0,0,0,10,0,0,0,0,0,0,0,114,0,0,0,89,12,3,0,0,7,0,3
"Cobb County School District, Georgia","1301290",650484,43726,121253,58187,90553,99875,98619,41288,14154,20248,38969,23612,251412,37775,79760,26389,26564,20283,21295,11035,3466,5609,10867,8369,293299,4924,34155,22907,40240,52220,57498,23783,8773,12377,23671,12751,9871,321,1505,1162,1814,1917,1626,705,107,288,306,120,95902,706,5833,7729,21935,25455,18200,5765,1808,1974,4125,2372
"Coffee County School District, Georgia","1301350",42947,2959,7875,4966,5663,5913,5791,2532,997,1185,3214,1852,33246,2874,7321,3559,3942,4048,4150,1948,724,857,2414,1409,6943,85,466,874,1196,1114,1107,527,257,302,658,357,151,0,0,40,16,19,53,0,0,0,0,23,2607,0,88,493,509,732,481,57,16,26,142,63
"Colquitt County School District, Georgia","1301380",45987,3732,8819,4161,6194,6132,5635,2901,1044,1243,3612,2514,33357,3270,7451,2671,3843,3627,4025,2072,710,901,2656,2131,7371,385,989,709,852,1042,1248,553,210,293,721,369,153,0,9,38,43,12,22,0,0,0,15,14,5106,77,370,743,1456,1451,340,276,124,49,220,0
"Columbia County School District, Georgia","1301410",132362,8636,26545,11357,17285,18403,19597,8314,3166,4577,8903,5579,64335,7217,16977,6166,7839,6984,7449,3175,991,2080,3411,2046,54948,1161,8202,4337,7101,9034,9546,4189,1755,2097,4552,2974,3945,229,579,281,760,522,1011,231,77,178,45,32,9134,29,787,573,1585,1863,1591,719,343,222,895,527
"Commerce City School District, Georgia","1301440",6535,714,1016,662,954,823,811,281,120,196,502,456,4549,596,870,502,568,432,512,154,93,142,327,353,1450,78,146,79,252,255,192,108,27,35,175,103,70,40,0,21,0,9,0,0,0,0,0,0,466,0,0,60,134,127,107,19,0,19,0,0
"Cook County School District, Georgia","1301470",17061,1220,3342,1289,2299,2246,2281,1091,379,528,1412,974,12940,1102,2769,973,1619,1487,1577,809,277,438,1126,763,3457,87,560,238,491,476,653,271,102,90,284,205,99,31,7,14,16,17,3,11,0,0,0,0,565,0,6,64,173,266,48,0,0,0,2,6
"Coweta County School District, Georgia","1301500",131419,8810,26002,10605,16363,19467,19953,7489,3070,4636,9491,5533,75527,7763,19385,6851,8979,8307,8926,3615,1553,2451,4428,3269,46452,998,5812,2728,5664,8603,9330,3481,1223,1998,4583,2032,1539,0,181,98,93,324,432,227,0,62,71,51,7901,49,624,928,1627,2233,1265,166,294,125,409,181
"Crawford County School District, Georgia","1301530",12536,646,2111,1087,1308,1557,2144,975,372,458,1256,622,9690,634,1917,961,995,1164,1566,648,243,334,785,443,2633,12,194,125,264,284,555,320,116,124,471,168,94,0,0,0,10,57,14,0,13,0,0,0,119,0,0,1,39,52,9,7,0,0,0,11
"Crisp County School District, Georgia","1301560",23403,1680,4259,2094,2865,2829,3066,1791,520,875,1874,1550,19996,1673,4103,1652,2290,2450,2374,1628,412,723,1437,1254,3008,0,140,430,435,286,634,151,100,145,430,257,22,0,3,0,0,0,19,0,0,0,0,0,377,7,13,12,140,93,39,12,8,7,7,39
"Dade County School District, Georgia","1301590",16533,874,2503,2101,1809,2027,2374,1089,446,733,1541,1036,4992,365,838,477,505,577,704,339,138,250,421,378,11213,509,1637,1559,1272,1365,1565,743,308,483,1120,652,56,0,0,6,6,24,13,7,0,0,0,0,272,0,28,59,26,61,92,0,0,0,0,6
"Dalton City School District, Georgia","1301620",33432,2773,6993,3317,4771,4439,4115,2029,556,588,1853,1998,15504,2317,4775,1210,1224,1175,1450,763,263,254,899,1174,8223,365,1420,1062,1239,905,828,510,228,233,772,661,428,0,54,25,140,18,86,53,0,0,18,34,9277,91,744,1020,2168,2341,1751,703,65,101,164,129
"Dawson County School District, Georgia","1301650",22500,1193,3803,1770,2491,2924,3411,1539,655,1069,2493,1152,13520,1118,3102,1166,1571,1630,1741,762,247,468,1165,550,8058,75,609,415,855,1146,1475,740,403,572,1190,578,155,0,0,52,5,5,18,14,5,0,56,0,767,0,92,137,60,143,177,23,0,29,82,24
"Decatur City School District, Georgia","1301680",19888,1730,3449,1871,2548,3252,2800,1107,428,624,983,1096,8500,1442,2493,761,723,709,715,316,160,232,457,492,9450,270,682,775,1517,2107,1791,727,248,373,429,531,367,18,61,61,38,121,51,0,9,8,0,0,1571,0,213,274,270,315,243,64,11,11,97,73
"Decatur County School District, Georgia","1301710",27508,1889,5016,2581,3457,3278,3807,1864,781,798,2231,1806,19716,1659,4272,1807,2076,2373,2636,1200,543,446,1302,1402,6970,230,744,715,957,796,1068,607,229,319,901,404,68,0,0,7,35,22,0,0,4,0,0,0,754,0,0,52,389,87,103,57,5,33,28,0
"DeKalb County School District, Georgia","1301740",657945,47989,108933,63956,110817,98543,91070,40094,14334,19194,37701,25314,294772,42860,77807,29042,37417,28384,29262,13225,5091,7310,14438,9936,241733,3325,21156,22911,42924,43058,42841,20471,6947,8982,17192,11926,8973,181,1394,1136,1859,2118,1095,547,138,115,262,128,112467,1623,8576,10867,28617,24983,17872,5851,2158,2787,5809,3324
"Dodge County School District, Georgia","1301770",21365,1271,3307,2291,2633,2883,3133,1495,535,707,1796,1314,17181,1188,2710,1573,2096,2267,2512,1178,450,561,1533,1113,3629,22,533,677,471,505,530,248,85,137,255,166,158,61,28,5,0,0,43,5,0,0,0,16,397,0,36,36,66,111,48,64,0,9,8,19
"Dooly County School District, Georgia","1301800",14443,748,2203,1365,1741,2054,2148,1155,329,565,1319,816,12258,748,2125,1016,1390,1589,1807,1015,280,447,1095,746,1642,0,34,255,338,244,297,140,28,116,148,42,9,0,0,0,0,1,4,0,4,0,0,0,534,0,44,94,13,220,40,0,17,2,76,28
"Dougherty School District, Georgia","1301830",93890,7015,16692,11813,12540,10946,11622,5633,2357,3309,6665,5298,71829,6615,14716,8927,9315,7787,8310,4046,1568,2230,4438,3877,19300,372,1745,2538,2635,2721,2865,1321,751,997,2041,1314,615,0,140,89,140,48,99,55,0,7,11,26,2146,28,91,259,450,390,348,211,38,75,175,81
"Douglas County School District, Georgia","1301860",135037,9356,27805,11941,17030,21341,20185,7824,2968,3792,8397,4398,71451,8220,18988,6798,8688,8409,7958,3275,1167,1810,3978,2160,51322,1122,7786,4396,6177,9395,9749,3709,1531,1724,3835,1898,1634,3,322,159,256,402,266,58,0,62,10,96,10630,11,709,588,1909,3135,2212,782,270,196,574,244
"Dublin City School District, Georgia","1301870",16050,1155,2994,1523,1879,1591,2147,795,460,601,1497,1408,13523,1086,2729,1335,1585,1275,1656,629,287,482,1235,1224,2091,65,249,182,197,221,429,124,161,102,197,164,52,0,11,0,4,0,15,0,8,0,0,14,384,4,5,6,93,95,47,42,4,17,65,6
"Laurens County School District, Georgia","1301890",31978,2111,5816,2594,3879,4535,4374,2165,640,1392,2679,1793,26380,2065,5258,2302,2980,3530,3354,1561,473,1163,2108,1586,4701,46,542,286,685,636,926,553,162,180,532,153,168,0,0,4,64,27,51,22,0,0,0,0,729,0,16,2,150,342,43,29,5,49,39,54
"Early County School District, Georgia","1301920",10662,709,1979,922,1062,1265,1469,603,276,516,1051,810,8369,586,1634,694,751,966,1118,519,191,386,870,654,2177,123,323,226,285,264,320,84,85,130,181,156,9,0,0,0,9,0,0,0,0,0,0,0,107,0,22,2,17,35,31,0,0,0,0,0
"Echols County School District, Georgia","1301950",4018,199,925,388,501,654,537,222,62,113,180,237,2410,199,737,190,184,277,303,128,40,61,150,141,884,0,81,102,114,170,176,64,22,29,30,96,13,0,0,0,0,0,0,13,0,0,0,0,711,0,107,96,203,207,58,17,0,23,0,0
"Effingham County School District, Georgia","1301980",53673,3570,11224,4707,6730,7941,8156,2996,1275,1676,3605,1793,34688,3179,8372,3171,4225,4210,4595,1578,822,942,2227,1367,17137,379,2589,1381,2277,3260,3161,1322,439,705,1207,417,793,0,146,55,74,144,193,58,14,22,87,0,1055,12,117,100,154,327,207,38,0,7,84,9
"Elbert County School District, Georgia","1302010",19694,1205,3235,1648,2258,2357,2809,1197,717,755,2018,1495,15388,1155,2747,1437,1560,1531,2068,860,612,576,1615,1227,3728,50,436,169,488,656,689,326,105,176,403,230,31,0,0,0,0,20,0,0,0,0,0,11,547,0,52,42,210,150,52,11,0,3,0,27
"Emanuel County School District, Georgia","1302040",22731,1586,4126,2268,2928,2629,3054,1392,610,788,1953,1397,19032,1576,3789,1634,2502,1910,2423,1183,545,628,1648,1194,3358,10,327,600,366,665,521,198,48,148,296,179,54,0,10,0,12,9,9,5,0,0,9,0,287,0,0,34,48,45,101,6,17,12,0,24
"Evans County School District, Georgia","1302070",10868,820,2020,1019,1470,1410,1363,683,272,254,879,678,8194,797,1794,804,889,967,912,443,208,173,638,569,1854,23,208,138,229,263,371,207,64,63,200,88,65,0,0,0,2,4,24,26,0,9,0,0,755,0,18,77,350,176,56,7,0,9,41,21
"Fannin County School District, Georgia","1302100",23632,1000,3284,1471,2114,2524,3505,1969,890,1298,3360,2217,12365,850,2541,1123,1141,1000,1157,759,405,554,1546,1289,10905,150,731,323,969,1415,2256,1180,483,744,1726,928,82,0,0,3,2,12,11,30,2,0,22,0,280,0,12,22,2,97,81,0,0,0,66,0
"Fayette County School District, Georgia","1302130",107930,4659,22243,8841,8193,13366,19031,9369,2495,4116,9610,6007,44668,3976,13711,4482,3163,3861,4953,2891,802,1240,3113,2476,51636,618,7209,3444,3554,6964,11775,5416,1473,2444,5622,3117,1836,25,490,83,264,321,286,211,0,54,72,30,9790,40,833,832,1212,2220,2017,851,220,378,803,384
"Floyd County School District, Georgia","1302190",60047,3041,10890,6080,6146,8579,8348,4327,1691,2116,4891,3938,43645,2803,9214,4668,4179,5681,5672,2986,1159,1283,3263,2737,13697,238,1435,1136,1313,2075,2409,1186,479,765,1511,1150,537,0,71,79,121,114,55,66,0,31,0,0,2168,0,170,197,533,709,212,89,53,37,117,51
"Forsyth County School District, Georgia","1302220",189314,12963,43056,12460,18991,33032,30623,10002,3652,5266,12241,7028,78050,11235,28347,5278,6245,8690,7300,2754,1141,1309,3529,2222,82157,1539,12075,4945,8100,15605,18021,5916,2033,3104,7096,3723,2164,33,344,221,285,317,552,154,75,59,60,64,26943,156,2290,2016,4361,8420,4750,1178,403,794,1556,1019
"Franklin County School District, Georgia","1302250",22051,1198,3658,1986,2634,2671,3070,1412,665,780,2284,1693,16283,1119,3075,1501,1848,1801,2219,867,464,501,1627,1261,5049,79,565,431,488,694,814,538,195,246,582,417,95,0,7,2,12,33,21,0,0,6,14,0,624,0,11,52,286,143,16,7,6,27,61,15
"Fulton County School District, Georgia","1302280",555811,38140,111967,41012,78767,87482,84287,33449,11653,17151,30679,21224,224950,33492,74288,20022,25667,19891,19330,9155,3171,4348,8494,7092,232919,3388,29474,14956,32065,42817,45646,18412,6641,10369,17672,11479,8519,318,1450,841,1615,1013,2057,488,212,277,124,124,89423,942,6755,5193,19420,23761,17254,5394,1629,2157,4389,2529
"Gainesville City School District, Georgia","1302310",34938,3492,7102,4400,5400,4671,3214,1502,401,1133,1679,1944,17875,3141,5516,1799,1376,1195,1302,640,197,427,1043,1239,7796,318,983,1332,1288,956,943,364,144,467,457,544,342,14,13,78,94,24,90,0,29,0,0,0,8925,19,590,1191,2642,2496,879,498,31,239,179,161
"Gilmer County School District, Georgia","1302340",28441,1573,4466,2071,2915,3401,3994,2111,753,1537,3544,2076,16803,1352,3352,1377,1693,1805,2223,1050,262,881,1777,1031,9746,210,967,558,838,1036,1471,924,443,622,1653,1024,183,11,39,0,15,31,17,9,39,22,0,0,1709,0,108,136,369,529,283,128,9,12,114,21
"Glascock County School District, Georgia","1302370",3086,161,614,237,296,407,476,228,36,86,259,286,2741,158,588,208,265,371,405,198,29,84,225,210,313,3,26,23,31,28,59,26,7,0,34,76,15,0,0,0,0,4,11,0,0,0,0,0,17,0,0,6,0,4,1,4,0,2,0,0
"Glynn County School District, Georgia","1302400",80937,5167,13887,6791,9890,9663,11454,5113,2197,3591,7789,5395,47707,4487,11192,4660,5125,5254,5539,2748,1068,1575,3318,2741,27686,604,2260,1634,3405,3380,4976,2090,1039,1797,4136,2365,895,27,204,32,127,174,109,92,27,71,6,26,4649,49,231,465,1233,855,830,183,63,148,329,263
"Gordon County School District, Georgia","1302430",39829,2490,7688,3493,4465,5817,6243,2534,952,1379,3136,1632,28487,2304,6468,2670,3311,3645,3602,1623,623,869,2116,1256,9254,186,1111,646,820,1594,2105,776,329,418,913,356,101,0,0,0,48,31,17,0,0,0,5,0,1987,0,109,177,286,547,519,135,0,92,102,20
"Grady County School District, Georgia","1302460",25239,1793,4652,2067,3222,3013,3446,1792,529,889,2285,1551,17293,1536,3829,1314,2108,1539,2161,1118,322,667,1570,1129,6389,251,769,589,485,1086,1105,628,188,195,671,422,70,6,4,15,0,0,45,0,0,0,0,0,1487,0,50,149,629,388,135,46,19,27,44,0
"Greene County School District, Georgia","1302490",16190,914,2314,1022,1711,1729,1910,1181,582,1017,2558,1252,11285,857,2180,920,1270,971,1439,760,376,498,1306,708,4186,43,98,92,214,519,426,345,189,505,1223,532,42,0,0,0,2,9,8,19,0,0,4,0,677,14,36,10,225,230,37,57,17,14,25,12
"Spalding County School District, Georgia","1302520",63946,4473,11432,5726,8416,7937,8744,3412,1694,2740,5600,3772,48933,4354,10101,4587,5946,6026,6066,2549,1151,1955,3702,2496,12355,98,911,866,1769,1472,2207,788,543,758,1775,1168,509,0,118,0,151,79,52,30,0,13,39,27,2149,21,302,273,550,360,419,45,0,14,84,81
"Gwinnett County School District, Georgia","1302550",830462,60302,175532,73831,114478,131640,125883,46754,16325,21470,40802,23445,296004,53628,109615,27174,25855,22779,23395,9518,3796,4651,9629,5964,314075,5438,50487,28331,41850,53738,59815,23564,7939,11432,19963,11518,16548,429,2417,1677,3917,2835,2946,699,306,390,627,305,203835,807,13013,16649,42856,52288,39727,12973,4284,4997,10583,5658
"Habersham County School District, Georgia","1302580",43342,2564,7495,4068,5182,5704,5818,2656,1052,1697,4042,3064,28396,2415,6165,2806,3169,2889,3507,1513,662,1108,2290,1872,11153,96,1101,893,1090,1744,1734,928,350,524,1622,1071,298,53,34,54,67,25,36,16,0,0,13,0,3495,0,195,315,856,1046,541,199,40,65,117,121
"Hall County School District, Georgia","1302610",149399,10041,29561,12861,18807,20648,21529,8732,3156,4829,11754,7481,83922,9359,23162,7615,8872,7952,9452,4148,1421,2083,5789,4069,43758,470,4905,3033,4981,6983,7917,3714,1487,2297,5054,2917,1359,53,195,99,273,156,312,99,0,31,63,78,20360,159,1299,2114,4681,5557,3848,771,248,418,848,417
"Hancock County School District, Georgia","1302640",9043,473,1064,1036,1105,1071,1288,670,244,510,1009,573,7491,473,1016,916,911,700,1008,592,176,399,768,532,1302,0,17,115,133,276,267,71,68,83,231,41,36,0,0,0,26,0,0,0,0,0,10,0,214,0,31,5,35,95,13,7,0,28,0,0
"Haralson County School District, Georgia","1302670",22359,1306,3914,1857,2599,2868,3357,1502,680,822,2201,1253,17265,1275,3652,1651,2036,2054,2179,961,480,558,1530,889,4632,31,226,195,540,641,1088,502,200,226,622,361,115,0,26,0,0,24,57,8,0,0,0,0,347,0,10,11,23,149,33,31,0,38,49,3
"Harris County School District, Georgia","1302700",32539,1649,5770,2513,2896,4517,5433,2869,897,1234,3034,1727,20058,1580,4590,1789,1680,2601,2676,1534,483,507,1655,963,11166,69,1076,673,1133,1542,2522,1099,384,679,1299,690,540,0,29,29,7,233,106,117,0,16,3,0,775,0,75,22,76,141,129,119,30,32,77,74
"Hart County School District, Georgia","1302730",25406,1495,4050,2108,2763,2855,3617,1865,614,1110,2892,2037,16016,1156,2696,1407,1692,1670,2337,1083,354,511,1592,1518,8765,339,1289,599,902,1112,1171,750,250,570,1282,501,102,0,0,16,42,4,40,0,0,0,0,0,523,0,65,86,127,69,69,32,10,29,18,18
"Heard County School District, Georgia","1302790",11674,742,2094,1033,1266,1518,1793,855,246,446,1059,622,8675,703,1866,856,915,1128,1103,546,142,297,610,509,2902,39,220,166,351,387,679,265,87,149,449,110,75,0,8,11,0,1,11,44,0,0,0,0,22,0,0,0,0,2,0,0,17,0,0,3
"Henry County School District, Georgia","1302820",209069,13162,45475,18853,24538,33049,32312,12359,4005,5653,12566,7097,115663,11436,32472,11476,12324,16177,13724,4983,1899,2397,5368,3407,74996,1639,11469,5854,8955,12690,14844,5794,1701,2791,6338,2921,3661,53,892,303,698,841,442,154,14,109,131,24,14749,34,642,1220,2561,3341,3302,1428,391,356,729,745
"Houston County School District, Georgia","1302880",144209,10138,27433,13862,20879,19027,21068,9002,2865,4049,9252,6634,79276,8853,19171,7721,11131,9137,8964,3747,1234,1843,4434,3041,52819,1157,6590,4484,7463,7551,10066,4591,1480,1930,4283,3224,3629,113,885,611,656,543,511,193,54,9,39,15,8485,15,787,1046,1629,1796,1527,471,97,267,496,354
"Irwin County School District, Georgia","1302910",9482,571,1609,781,1269,1391,1162,622,169,467,864,577,7865,571,1508,625,1133,1046,729,538,155,409,700,451,1520,0,101,149,113,338,427,56,14,58,152,112,34,0,0,0,8,0,6,20,0,0,0,0,63,0,0,7,15,7,0,8,0,0,12,14
"Jackson County School District, Georgia","1302940",44763,2776,8434,3708,5352,6645,6661,2949,1128,1539,3660,1911,30944,2641,7249,2737,3779,3598,3877,1781,680,1031,2255,1316,12060,135,1089,846,1294,2553,2376,1007,408,482,1322,548,339,0,21,76,30,32,112,47,0,0,21,0,1420,0,75,49,249,462,296,114,40,26,62,47
"Jasper County School District, Georgia","1302970",13647,818,2537,1107,1570,1825,1996,900,384,637,1155,718,10216,732,2198,953,1142,1211,1401,660,267,389,763,500,2997,84,264,124,370,488,529,229,110,231,362,206,16,0,7,1,0,8,0,0,0,0,0,0,418,2,68,29,58,118,66,11,7,17,30,12
"Jeff Davis County School District, Georgia","1303000",15028,1093,3043,1290,1814,1839,2113,765,528,507,1241,795,12026,1036,2560,1032,1354,1536,1429,571,457,414,1005,632,2111,57,367,55,279,183,480,173,71,93,190,163,0,0,0,0,0,0,0,0,0,0,0,0,891,0,116,203,181,120,204,21,0,0,46,0
"Jefferson City School District, Georgia","1303030",9630,683,2295,503,1255,1526,1342,405,193,265,731,432,6044,572,1725,393,852,883,647,151,121,137,284,279,3027,111,556,110,277,474,587,206,72,97,447,90,85,0,14,0,38,33,0,0,0,0,0,0,474,0,0,0,88,136,108,48,0,31,0,63
"Jefferson County School District, Georgia","1303060",16554,1159,2930,1618,1832,1933,2246,967,443,819,1493,1114,13976,1069,2755,1322,1430,1522,1730,880,386,744,1250,888,2122,90,132,226,226,339,477,68,57,65,239,203,79,0,15,0,8,14,39,0,0,0,3,0,377,0,28,70,168,58,0,19,0,10,1,23
"Jenkins County School District, Georgia","1303090",8794,368,1818,673,1175,933,1180,633,276,320,763,655,7461,368,1750,558,842,763,1013,446,182,259,651,629,1055,0,68,115,285,51,144,161,89,13,103,26,83,0,0,0,0,0,0,26,0,48,9,0,195,0,0,0,48,119,23,0,5,0,0,0
"Johnson County School District, Georgia","1303120",9850,480,1520,924,1204,1507,1469,742,205,351,854,594,8126,473,1389,774,1017,1108,1145,583,169,263,671,534,1532,7,92,123,174,309,324,142,36,88,183,54,69,0,39,13,0,17,0,0,0,0,0,0,123,0,0,14,13,73,0,17,0,0,0,6
"Jones County School District, Georgia","1303150",28783,1713,5459,2314,3255,4061,4084,2002,773,1069,2458,1595,23295,1659,4766,2131,2833,2921,2961,1542,569,769,1858,1286,4799,54,565,179,318,971,1015,396,150,288,585,278,263,0,109,0,11,63,61,6,0,0,7,6,426,0,19,4,93,106,47,58,54,12,8,25
"Lamar County School District, Georgia","1303210",18128,989,2729,2809,1795,2248,2426,1384,421,595,1755,977,14736,989,2496,2503,1317,1710,1727,1111,368,445,1349,721,2873,0,223,229,359,468,635,225,53,112,350,219,147,0,0,6,48,52,0,26,0,0,0,15,372,0,10,71,71,18,64,22,0,38,56,22
"Lanier County School District, Georgia","1303240",10356,1016,1755,869,1767,1168,1481,604,248,305,663,480,6683,869,1293,676,891,610,749,392,136,262,405,400,3168,66,382,152,659,519,732,184,112,43,239,80,343,81,69,30,123,39,0,1,0,0,0,0,162,0,11,11,94,0,0,27,0,0,19,0
"Lee County School District, Georgia","1303270",28805,1857,5973,2349,3658,4569,4184,1813,705,951,1777,969,19481,1796,4789,1687,2560,2635,2324,1080,246,677,1128,559,7967,61,1066,581,864,1566,1597,634,417,218,574,389,368,0,9,40,57,70,136,26,13,0,17,0,989,0,109,41,177,298,127,73,29,56,58,21
"Liberty County School District, Georgia","1303300",54441,5054,9821,7027,9699,6258,6819,3140,953,1312,2928,1430,21283,3487,5917,1865,2443,1477,2078,1022,367,525,1232,870,26566,1324,3193,4294,5693,3863,3723,1573,452,679,1384,388,3274,243,512,561,976,389,314,150,21,36,27,45,3318,0,199,307,587,529,704,395,113,72,285,127
"Lincoln County School District, Georgia","1303330",7800,384,1152,650,644,902,1264,595,313,404,964,528,5734,371,984,574,470,679,919,387,152,312,517,369,1855,7,142,76,124,198,274,208,161,92,417,156,95,0,0,0,12,8,66,0,0,0,9,0,116,6,26,0,38,17,5,0,0,0,21,3
"Long County School District, Georgia","1303360",15967,1318,3403,1869,2317,2282,2071,575,360,553,824,395,7836,1016,2053,786,822,827,929,223,158,337,479,206,6589,273,1089,853,1039,1195,980,295,188,187,336,154,542,29,163,76,145,32,48,42,0,7,0,0,1000,0,98,154,311,228,114,15,14,22,9,35
"Lowndes County School District, Georgia","1303390",56191,4006,10983,7214,7379,7583,7649,2922,1314,1551,3457,2133,31920,3146,7944,3590,3373,4169,3776,1429,629,845,1830,1189,20952,739,2750,3164,3256,2772,3365,1271,602,607,1520,906,1185,34,202,324,270,159,125,37,16,16,2,0,2134,87,87,136,480,483,383,185,67,83,105,38
"Lumpkin County School District, Georgia","1303420",30719,1561,4573,5561,3299,3371,4094,2213,812,860,2852,1523,18801,1317,3389,3921,2151,2051,2047,1067,311,504,1346,697,10602,198,1119,1342,1061,1040,1764,1091,427,311,1433,816,124,0,0,41,32,0,30,0,0,0,17,4,1192,46,65,257,55,280,253,55,74,45,56,6
"Macon County School District, Georgia","1303450",14232,760,2208,1431,1977,1779,2128,1153,311,539,1262,684,11808,743,1976,1171,1572,1473,1747,937,195,409,959,626,2026,17,198,196,252,289,294,197,99,130,296,58,19,0,0,7,7,0,5,0,0,0,0,0,379,0,34,57,146,17,82,19,17,0,7,0
"Madison County School District, Georgia","1303480",28142,1656,4953,2287,3456,3560,4339,1786,766,1212,2621,1506,21945,1579,4687,1863,2736,2571,3054,1102,487,884,2065,917,5094,71,240,332,437,793,1061,593,278,245,527,517,163,1,17,15,33,25,46,17,0,0,9,0,940,5,9,77,250,171,178,74,1,83,20,72
"Marietta City School District, Georgia","1303510",58436,4274,8377,7371,11162,8952,7615,2426,768,1419,3414,2658,22765,3773,5669,3040,2761,1716,2061,930,176,419,1177,1043,22724,492,1946,2581,4495,4187,3398,1021,448,795,1964,1397,960,0,61,84,294,177,139,158,0,0,40,7,11987,9,701,1666,3612,2872,2017,317,144,205,233,211
"Marion County School District, Georgia","1303540",8751,503,1482,755,860,1121,1372,583,237,456,957,425,5876,460,1170,534,577,751,806,311,164,288,529,286,2218,26,287,124,143,235,448,212,73,146,389,135,116,7,25,0,0,0,56,12,0,0,16,0,541,10,0,97,140,135,62,48,0,22,23,4
"Mcduffie County School District, Georgia","1303570",21563,1470,4041,1758,2553,2624,3069,1465,614,768,2035,1166,17718,1382,3759,1606,2199,1961,2237,1096,486,508,1574,910,3359,88,235,126,258,478,730,355,128,260,445,256,192,0,6,5,1,83,91,6,0,0,0,0,294,0,41,21,95,102,11,8,0,0,16,0
"Mcintosh County School District, Georgia","1303600",14172,588,2258,1070,1174,1810,2126,1494,337,636,1565,1114,10219,491,2003,789,945,1304,1318,1136,212,393,953,675,3449,97,243,281,140,467,606,301,125,193,592,404,191,0,0,0,0,0,134,57,0,0,0,0,313,0,12,0,89,39,68,0,0,50,20,35
"Meriwether County School District, Georgia","1303630",21434,1291,3582,1837,2407,2361,3158,1911,477,711,2279,1420,17524,1256,3289,1575,2022,1794,2516,1455,418,518,1556,1125,3571,35,241,241,329,567,568,412,58,156,674,290,189,0,52,8,50,0,6,40,0,33,0,0,150,0,0,13,6,0,68,4,1,4,49,5
"Miller County School District, Georgia","1303660",6017,404,1013,501,592,740,833,443,127,228,595,541,4923,357,835,428,511,533,690,361,97,180,478,453,1023,47,178,73,81,190,117,82,21,48,100,86,26,0,0,0,0,17,0,0,9,0,0,0,45,0,0,0,0,0,26,0,0,0,17,2
"Mitchell County School District, Georgia","1303690",19288,1155,3422,1763,2605,2689,2805,1310,409,685,1497,948,15797,1112,3120,1476,1994,2047,2065,1098,322,558,1272,733,2993,12,284,284,448,497,677,209,87,88,225,182,15,0,2,0,3,2,0,0,0,8,0,0,483,31,16,3,160,143,63,3,0,31,0,33
"Monroe County School District, Georgia","1303720",26788,1483,4391,2361,3133,3128,4235,2150,746,1076,2459,1626,19983,1384,3860,1866,2391,2039,2518,1588,562,885,1853,1037,6201,99,528,481,594,1013,1534,450,174,176,574,578,200,0,0,0,65,24,89,0,0,15,7,0,404,0,3,14,83,52,94,112,10,0,25,11
"Montgomery County School District, Georgia","1303750",8848,535,1442,1103,989,1183,1201,581,177,357,837,443,7200,529,1353,799,778,847,895,456,141,292,728,382,1282,6,70,267,120,235,251,89,36,58,107,43,26,0,0,9,8,2,0,0,0,7,0,0,340,0,19,28,83,99,55,36,0,0,2,18
"Morgan County School District, Georgia","1303780",17866,989,3298,1319,1835,2167,2730,1385,383,742,1851,1167,13070,987,2826,1101,1595,1394,1595,850,225,461,1228,808,4362,2,460,153,204,728,935,519,125,254,623,359,129,0,0,12,5,38,63,6,5,0,0,0,305,0,12,53,31,7,137,10,28,27,0,0
"Murray County School District, Georgia","1303840",39416,2559,7637,3531,4959,5670,5712,2512,891,1295,2943,1707,26413,2414,6155,2463,2991,3120,3477,1306,596,708,1981,1202,9702,125,1294,743,1137,1519,1776,942,221,536,956,453,175,0,21,15,16,22,55,21,3,22,0,0,3126,20,167,310,815,1009,404,243,71,29,6,52
"Muscogee County School District, Georgia","1303870",186945,13828,32394,18641,28962,23531,25128,11726,4480,5297,12354,10604,102156,11621,23974,11598,13419,10292,11534,5387,2082,2284,5733,4232,68775,1870,7150,5983,11779,10194,11027,5036,2154,2507,5700,5375,5473,65,695,541,1638,595,1088,568,63,60,16,144,10541,272,575,519,2126,2450,1479,735,181,446,905,853
"Newton County School District, Georgia","1303930",101503,7171,21087,9404,12576,14961,14310,6070,1958,2879,6933,4154,63174,6710,15970,6174,7747,7497,7569,3010,991,1512,3643,2351,31391,433,4718,2622,3520,5787,5312,2652,790,1175,2750,1632,968,0,163,48,159,161,272,28,0,21,112,4,5970,28,236,560,1150,1516,1157,380,177,171,428,167
"Oconee County School District, Georgia","1303960",33769,1910,7341,2524,3135,4896,5449,2333,833,1278,2539,1531,20180,1728,5910,1672,1974,2357,2343,960,377,569,1375,915,11272,169,1310,743,723,2028,2353,1184,390,703,1075,594,613,0,42,62,141,100,214,25,23,0,6,0,1704,13,79,47,297,411,539,164,43,6,83,22
"Oglethorpe County School District, Georgia","1303990",14695,773,2545,1063,1746,1903,2266,1104,376,548,1487,884,10189,751,2215,852,1152,1161,1449,514,233,362,926,574,3959,2,327,176,476,618,731,488,137,150,549,305,168,20,0,0,10,36,6,74,0,22,0,0,379,0,3,35,108,88,80,28,6,14,12,5
"Paulding County School District, Georgia","1304020",145565,10304,31798,12474,18561,25026,21393,7989,2624,3381,7854,4161,80700,9543,22948,8188,9703,11021,8398,3153,1003,1386,3436,1921,56306,674,7970,3720,7698,10941,11607,4280,1435,1786,4059,2136,1733,64,323,285,169,248,354,33,83,75,68,31,6826,23,557,281,991,2816,1034,523,103,134,291,73
"Peach County School District, Georgia","1304050",27337,1670,4421,4761,3161,3020,3724,1997,563,737,1999,1284,19816,1579,3718,3459,2102,2032,2331,1370,404,523,1441,857,5557,91,502,844,684,595,1113,504,115,214,518,377,349,0,97,73,73,2,43,35,8,0,18,0,1615,0,104,385,302,391,237,88,36,0,22,50
"Pelham City School District, Georgia","1304080",3887,373,678,305,469,389,498,231,33,143,362,406,3367,345,625,269,363,342,371,189,33,127,328,375,465,28,53,36,85,23,117,42,0,16,34,31,6,0,0,0,6,0,0,0,0,0,0,0,49,0,0,0,15,24,10,0,0,0,0,0
"Pickens County School District, Georgia","1304110",29550,1463,4680,2112,3195,3647,4366,1814,1085,1569,3649,1970,18312,1384,3756,1626,2015,2294,2343,835,453,665,1823,1118,10214,69,870,448,894,1282,1712,970,598,818,1745,808,221,10,54,4,15,11,51,9,10,50,7,0,803,0,0,34,271,60,260,0,24,36,74,44
"Pierce County School District, Georgia","1304140",18860,1266,3566,1661,2210,2512,2507,1373,370,640,1721,1034,14072,1259,2709,1091,1576,1688,1859,1056,264,497,1250,823,4258,7,824,464,518,631,623,291,106,143,460,191,40,0,0,4,0,28,0,2,0,0,6,0,490,0,33,102,116,165,25,24,0,0,5,20
"Pike County School District, Georgia","1304170",17821,911,3731,1418,1857,2582,2714,1125,460,612,1494,917,13623,901,3429,1209,1552,1858,1717,740,246,455,976,540,3949,10,302,198,263,654,975,343,194,157,476,377,46,0,0,0,4,2,15,11,0,0,14,0,203,0,0,11,38,68,7,31,20,0,28,0
"Polk County School District, Georgia","1304200",41250,2966,7859,3608,5265,5405,5579,2532,1042,1258,3395,2341,30808,2882,6885,2491,3234,3848,3625,1758,845,945,2601,1694,7009,84,841,518,904,740,1409,682,188,286,734,623,147,0,25,17,23,17,35,11,9,0,10,0,3286,0,108,582,1104,800,510,81,0,27,50,24
"Pulaski County School District, Georgia","1304220",11693,620,1426,907,1816,1509,1880,749,302,596,1146,742,9029,620,1325,692,1405,996,1416,610,235,384,806,540,2268,0,73,192,317,348,453,112,67,212,312,182,90,0,22,17,20,8,0,23,0,0,0,0,306,0,6,6,74,157,11,4,0,0,28,20
"Putnam County School District, Georgia","1304260",21226,1137,3314,1398,2335,2554,2935,1750,584,1029,2767,1423,14366,1093,2847,1038,1699,1531,1767,1093,485,628,1331,854,5796,33,455,318,408,677,906,575,88,398,1406,532,86,0,0,2,2,0,56,0,11,3,12,0,978,11,12,40,226,346,206,82,0,0,18,37
"Quitman County School District, Georgia","1304290",2407,106,409,289,178,259,243,177,100,102,315,229,1296,85,231,220,103,87,146,104,29,28,160,103,1091,21,178,69,75,172,92,73,56,74,155,126,5,0,0,0,0,0,5,0,0,0,0,0,15,0,0,0,0,0,0,0,15,0,0,0
"Rabun County School District, Georgia","1304320",16267,691,2397,1153,1634,1928,2058,1234,498,831,2276,1567,8974,589,1672,745,679,1026,1060,733,297,497,996,680,6173,102,614,276,617,644,898,417,189,334,1232,850,136,0,10,0,7,16,49,19,12,0,7,16,984,0,101,132,331,242,51,65,0,0,41,21
"Randolph County School District, Georgia","1304350",7411,819,993,691,737,806,1007,467,286,305,624,676,5988,736,874,525,620,592,662,407,249,218,525,580,1171,83,119,161,80,136,225,60,37,87,99,84,70,0,0,0,37,33,0,0,0,0,0,0,182,0,0,5,0,45,120,0,0,0,0,12
"Richmond County School District, Georgia","1304380",201244,14695,33966,24363,31524,23108,25855,12962,4565,6100,13847,10259,122983,12524,26688,14684,16972,12632,14436,6465,2615,3694,6702,5571,66056,1892,6351,8454,12015,8409,9769,5582,1691,2065,5925,3903,5053,188,575,718,1046,858,792,364,99,61,108,244,7152,91,352,507,1491,1209,858,551,160,280,1112,541
"Rockdale County School District, Georgia","1304410",86256,5514,17167,8037,9854,11540,13236,5946,1763,3198,6202,3799,46541,4768,12145,4719,4787,4881,5526,2557,816,1370,2899,2073,30014,719,4147,2282,3256,4735,5599,2722,723,1565,2810,1456,959,27,243,132,195,66,173,30,12,23,23,35,8742,0,632,904,1616,1858,1938,637,212,240,470,235
"Rome City School District, Georgia","1304440",36099,3141,5885,4024,5538,3778,4544,2159,663,979,2932,2456,24500,2897,4979,2705,3213,2078,2737,1363,467,640,1823,1598,7603,198,695,763,989,869,1250,544,147,262,1109,777,112,0,16,0,59,0,0,22,0,15,0,0,3884,46,195,556,1277,831,557,230,49,62,0,81
"Schley County School District, Georgia","1304470",5054,202,1158,363,465,693,799,239,126,193,536,280,3937,177,1029,327,341,498,522,156,101,129,465,192,967,25,121,36,98,118,238,83,25,64,71,88,32,0,8,0,0,9,15,0,0,0,0,0,118,0,0,0,26,68,24,0,0,0,0,0
"Screven County School District, Georgia","1304500",14281,950,2448,1350,1561,1626,2021,1048,437,588,1326,926,11818,885,2255,1090,1272,1168,1605,815,389,506,1101,732,2286,65,171,221,268,437,351,228,48,82,221,194,84,0,22,27,8,6,21,0,0,0,0,0,93,0,0,12,13,15,44,5,0,0,4,0
"Seminole County School District, Georgia","1304530",8804,483,1501,716,883,902,1291,629,310,317,1073,699,6398,451,1263,512,621,679,912,449,244,192,668,407,2281,32,232,204,256,200,316,168,66,125,405,277,11,0,6,0,0,0,5,0,0,0,0,0,114,0,0,0,6,23,58,12,0,0,0,15
"Social Circle City School District, Georgia","1304540",4270,294,668,534,428,616,606,261,96,100,410,257,2962,224,639,445,385,398,194,139,62,100,202,174,1219,70,14,89,43,218,346,122,34,0,208,75,0,0,0,0,0,0,0,0,0,0,0,0,89,0,15,0,0,0,66,0,0,0,0,8
"Stephens County School District, Georgia","1304560",25741,1373,4413,2893,2508,3050,3475,1882,775,892,2753,1727,17938,1244,3831,1844,1433,1977,2083,1378,432,558,2141,1017,7027,129,486,803,1008,936,1326,453,327,334,558,667,132,0,0,11,30,0,55,22,0,0,14,0,644,0,96,235,37,137,11,29,16,0,40,43
"Stewart County School District, Georgia","1304590",5900,249,650,705,947,856,932,382,147,164,439,429,3674,242,579,276,454,339,650,303,105,99,321,306,1061,7,71,151,141,192,144,31,42,57,114,111,27,0,0,0,0,3,13,3,0,8,0,0,1138,0,0,278,352,322,125,45,0,0,4,12
"Sumter County School District, Georgia","1304620",31804,2326,5670,4266,3916,3470,4066,2129,641,987,2482,1851,25690,2243,5258,3463,2878,2688,2921,1734,512,773,1865,1355,4987,83,306,546,832,602,918,332,89,214,588,477,148,0,10,36,45,15,32,0,0,0,0,10,979,0,96,221,161,165,195,63,40,0,29,9
"Talbot County School District, Georgia","1304650",6594,248,1018,586,439,805,1120,618,280,292,735,453,5544,248,969,557,393,659,923,476,222,197,517,383,945,0,49,29,46,143,169,125,58,84,197,45,59,0,0,0,0,0,5,17,0,0,16,21,46,0,0,0,0,3,23,0,0,11,5,4
"Taliaferro County School District, Georgia","1304680",1700,95,201,169,176,200,171,150,38,84,227,189,1411,75,185,129,137,151,143,136,31,61,190,173,268,20,16,40,31,49,28,14,7,23,31,9,0,0,0,0,0,0,0,0,0,0,0,0,21,0,0,0,8,0,0,0,0,0,6,7
"Tattnall County School District, Georgia","1304770",25356,1419,3990,2672,4180,3701,3568,1533,466,825,1811,1191,18215,1309,3472,2062,2680,2245,2316,1017,371,561,1248,934,5478,98,423,401,977,1006,1086,451,95,203,494,244,452,12,18,70,108,158,27,21,0,38,0,0,1211,0,77,139,415,292,139,44,0,23,69,13
"Taylor County School District, Georgia","1304800",8505,495,1469,816,836,1129,1168,671,162,350,843,566,7166,454,1253,715,686,988,912,543,162,275,705,473,1191,41,194,88,102,93,252,127,0,75,126,93,40,0,0,0,24,0,4,0,0,0,12,0,108,0,22,13,24,48,0,1,0,0,0,0
"Telfair County School District, Georgia","1304830",16493,845,2234,1310,2607,2698,2306,1172,344,605,1254,1118,11832,826,2068,1129,1516,1314,1445,818,314,374,1032,996,2550,19,153,89,451,528,467,268,23,208,222,122,31,0,0,0,5,19,7,0,0,0,0,0,2080,0,13,92,635,837,387,86,7,23,0,0
"Terrell County School District, Georgia","1304860",9304,667,1593,937,1033,947,1323,707,247,347,889,614,7899,594,1474,882,862,818,969,585,236,247,720,512,1249,73,108,31,98,116,350,113,10,95,158,97,35,0,0,0,26,0,0,9,0,0,0,0,121,0,11,24,47,13,4,0,1,5,11,5
"Thomas County School District, Georgia","1304890",26175,1671,4639,1944,3107,3462,3960,1688,870,835,2497,1502,18242,1546,3909,1159,2152,2093,2517,977,634,485,1736,1034,7013,125,706,647,748,1142,1359,610,208,299,732,437,224,0,16,34,6,73,35,42,0,9,0,9,696,0,8,104,201,154,49,59,28,42,29,22
"Thomasville City School District, Georgia","1304950",18558,1200,3417,1702,2220,1954,2425,1372,606,614,1513,1535,13345,1059,2819,1376,1630,1392,1448,806,326,436,921,1132,4795,141,598,260,486,494,897,555,280,178,517,389,27,0,0,0,0,14,13,0,0,0,0,0,391,0,0,66,104,54,67,11,0,0,75,14
"Tift County School District, Georgia","1304980",40721,2570,7726,5057,5124,5080,5182,2392,571,1556,3219,2244,30967,2415,6851,3706,3707,3592,3518,1716,397,1132,2266,1667,7268,155,673,826,1098,905,1231,562,145,385,758,530,176,0,35,50,47,0,23,8,0,0,0,13,2310,0,167,475,272,583,410,106,29,39,195,34
"Toombs County School District, Georgia","1305040",16828,1244,3161,1677,2007,2192,2354,828,524,423,1385,1033,12991,1229,2700,1226,1452,1529,1588,580,406,301,1155,825,2565,15,406,175,355,339,496,197,107,79,197,199,74,0,0,19,42,0,10,3,0,0,0,0,1198,0,55,257,158,324,260,48,11,43,33,9
"Towns County School District, Georgia","1305070",10670,455,1168,1257,620,1062,1255,702,312,562,1785,1492,5184,420,957,863,368,421,575,241,63,113,579,584,5073,30,211,338,227,527,626,436,238,440,1128,872,38,0,0,13,0,0,0,25,0,0,0,0,375,5,0,43,25,114,54,0,11,9,78,36
"Treutlen County School District, Georgia","1305100",6781,381,1277,540,712,912,886,516,146,201,705,505,5492,344,1098,427,474,768,718,388,122,153,534,466,1211,37,179,87,206,144,153,128,24,43,171,39,15,0,0,0,0,0,15,0,0,0,0,0,63,0,0,26,32,0,0,0,0,5,0,0
"Trion City School District, Georgia","1305130",2124,203,487,153,315,320,232,96,49,74,80,115,1433,190,386,86,209,98,172,62,30,60,55,85,286,7,38,30,21,54,53,14,4,14,21,30,13,6,0,0,0,4,3,0,0,0,0,0,392,0,63,37,85,164,4,20,15,0,4,0
"Turner County School District, Georgia","1305190",8491,488,1675,772,935,1118,1011,474,316,293,787,622,7062,488,1451,577,712,867,795,411,282,273,649,557,1107,0,173,127,172,173,172,58,26,10,131,65,7,0,0,0,0,0,0,0,0,0,7,0,315,0,51,68,51,78,44,5,8,10,0,0
"Twiggs County School District, Georgia","1305220",8612,486,1217,844,741,926,1442,916,154,342,967,577,8037,486,1199,813,691,861,1305,805,125,333,900,519,553,0,18,31,32,65,137,107,29,9,67,58,4,0,0,0,0,0,0,4,0,0,0,0,18,0,0,0,18,0,0,0,0,0,0,0
"Union County School District, Georgia","1305250",21553,785,3123,1284,1729,2068,2789,1574,849,1095,3729,2528,10961,714,2407,673,1200,1172,1386,489,433,201,1225,1061,9774,71,571,496,436,685,1298,1078,416,888,2421,1414,457,0,111,110,6,124,85,0,0,0,21,0,361,0,34,5,87,87,20,7,0,6,62,53
"Upson County School District, Georgia","1305280",26681,1703,4403,2372,2862,3260,3879,2017,803,920,2635,1827,22299,1656,4038,1967,2223,2644,3264,1559,622,660,2197,1469,3988,47,365,314,470,582,587,417,170,259,438,339,122,0,0,6,51,34,0,23,0,1,0,7,272,0,0,85,118,0,28,18,11,0,0,12
"Valdosta City School District, Georgia","1305310",56324,4320,8403,13575,8664,5281,5274,2606,822,1564,3252,2563,34896,3724,6018,8462,4461,3101,2643,1657,517,835,1952,1526,17736,455,2131,4306,3336,1623,2076,774,278,715,1067,975,892,114,127,336,157,75,18,14,0,0,42,9,2800,27,127,471,710,482,537,161,27,14,191,53
"Vidalia City School District, Georgia","1305340",10596,947,2237,725,1461,1026,1281,638,342,474,870,595,8148,936,1964,563,924,777,790,423,292,359,668,452,2105,11,262,149,368,232,383,215,50,115,188,132,41,0,0,0,27,0,0,0,0,0,14,0,302,0,11,13,142,17,108,0,0,0,0,11
"Walker County School District, Georgia","1305370",65320,3782,11308,5029,7745,8456,9558,5058,1643,2261,6203,4277,33001,2039,6224,2964,3945,4280,4538,2216,821,1145,2771,2058,31131,1738,4958,1955,3584,3986,4732,2757,807,1116,3322,2176,510,0,117,64,71,60,133,13,0,0,41,11,678,5,9,46,145,130,155,72,15,0,69,32
"Walton County School District, Georgia","1305390",81108,5123,16331,6732,9555,11329,11896,5305,1931,2440,6431,4035,52582,4857,13156,4996,5945,6544,5977,3023,1048,1393,3467,2176,24033,258,2912,1426,2620,3912,5014,1894,816,904,2662,1615,663,8,4,51,132,174,106,117,5,16,23,27,3830,0,259,259,858,699,799,271,62,127,279,217
"Ware County School District, Georgia","1305430",35915,2452,6003,3524,4578,4361,4864,2288,931,1323,2983,2608,27704,2291,5296,2777,3401,2877,3528,1720,651,898,2318,1947,6616,109,551,501,946,1149,1063,526,280,326,602,563,382,52,21,52,25,79,53,0,0,50,9,41,1213,0,135,194,206,256,220,42,0,49,54,57
"Warren County School District, Georgia","1305460",5626,355,899,517,556,554,810,464,185,200,604,482,4967,355,885,433,486,494,691,380,137,187,496,423,598,0,11,84,65,51,105,75,40,13,95,59,10,0,3,0,0,0,0,7,0,0,0,0,51,0,0,0,5,9,14,2,8,0,13,0
"Washington County School District, Georgia","1305490",20861,1297,3476,1905,2611,2543,3232,1497,397,844,1745,1314,17972,1246,3179,1717,2186,1866,2700,1311,331,693,1541,1202,2520,51,259,182,385,509,464,180,66,136,191,97,72,0,0,6,3,27,21,6,0,9,0,0,297,0,38,0,37,141,47,0,0,6,13,15
"Wayne County School District, Georgia","1305550",30170,2021,5379,2361,4184,4120,4378,1731,822,1054,2415,1705,22005,1920,4718,1823,2722,2533,2782,1123,587,737,1768,1292,6886,101,509,436,1054,1344,1339,550,211,317,612,413,173,0,7,34,56,29,39,8,0,0,0,0,1106,0,145,68,352,214,218,50,24,0,35,0
"Webster County School District, Georgia","1305580",2744,110,430,289,234,330,352,302,104,119,349,125,2423,110,338,283,228,298,342,245,73,92,309,105,312,0,92,6,6,23,10,57,31,27,40,20,9,0,0,0,0,9,0,0,0,0,0,0,0,0,0,0,0,0,0,0,0,0,0,0
"Wheeler County School District, Georgia","1305640",7932,226,656,839,1858,1268,1241,498,305,206,473,362,6413,201,606,721,1508,834,1013,390,284,188,409,259,1409,25,50,105,314,415,193,101,21,18,64,103,19,0,0,7,0,6,6,0,0,0,0,0,91,0,0,6,36,13,29,7,0,0,0,0
"White County School District, Georgia","1305670",27594,1372,4574,2354,2729,3285,4007,2392,728,926,3175,2052,17559,1182,4011,1501,1824,1834,2528,1278,441,383,1335,1242,9237,182,405,794,803,1394,1276,1095,275,514,1736,763,255,0,96,40,20,25,74,0,0,0,0,0,543,8,62,19,82,32,129,19,12,29,104,47
"Whitfield County School District, Georgia","1305700",69700,4885,13819,6665,8873,9538,9734,4244,1433,2048,5053,3408,41645,4208,10818,3857,3982,4746,4985,2192,701,1189,2798,2169,17991,648,2392,1711,2246,2075,3115,1558,633,692,1933,988,316,10,13,7,27,55,153,30,14,0,7,0,9748,19,596,1090,2618,2662,1481,464,85,167,315,251
"Wilcox County School District, Georgia","1305730",9061,458,1285,834,1322,1270,1395,717,164,260,744,612,7492,399,1200,732,1003,1069,1089,568,152,230,542,508,1309,50,78,93,222,118,271,133,12,30,202,100,77,9,7,5,33,7,0,16,0,0,0,0,183,0,0,4,64,76,35,0,0,0,0,4
"Wilkes County School District, Georgia","1305760",10123,664,1554,662,1175,1088,1459,829,207,433,1193,859,8271,636,1347,523,972,877,1198,611,109,347,920,731,1502,22,170,114,84,177,197,184,90,86,250,128,88,6,0,0,1,0,43,23,0,0,15,0,262,0,37,25,118,34,21,11,8,0,8,0
"Wilkinson County School District, Georgia","1305790",9455,614,1623,787,1068,1109,1347,738,256,325,935,653,8310,605,1587,722,902,960,1148,555,217,298,720,596,949,9,25,42,109,88,173,172,39,27,208,57,35,0,0,0,0,13,11,4,0,0,7,0,161,0,11,23,57,48,15,7,0,0,0,0
"Worth County School District, Georgia","1305850",21365,1341,3697,1924,2446,2578,3125,1553,647,704,2076,1274,17531,1308,3408,1725,2008,1989,2301,1161,516,515,1619,981,3323,33,256,181,337,512,737,330,99,189,381,268,148,0,33,0,0,39,7,37,32,0,0,0,363,0,0,18,101,38,80,25,0,0,76,25
"Remainder of Georgia, Georgia","1399999",20405,2004,3447,7687,4930,1792,432,0,24,69,20,0,2568,873,587,402,419,180,87,0,0,0,20,0,15552,998,2551,6712,3786,1214,218,0,21,52,0,0,1005,124,239,209,285,139,9,0,0,0,0,0,1280,9,70,364,440,259,118,0,3,17,0,0
"Troup County School District, Georgia","1300001",68375,4723,13011,7071,8495,8437,9482,4424,1599,2230,5047,3856,45525,4328,9898,4682,5369,5191,5294,2922,1221,1458,2988,2174,19540,377,2822,1943,2503,2644,3331,1358,341,751,1909,1561,435,6,0,77,61,85,134,20,11,7,12,22,2875,12,291,369,562,517,723,124,26,14,138,99
"Fort Stewart School District, Georgia","1300003",10048,1821,2222,2495,2191,880,363,46,14,16,0,0,2297,1111,555,152,238,138,81,4,14,4,0,0,6937,663,1587,2157,1747,528,215,28,0,12,0,0,301,33,44,84,63,30,40,7,0,0,0,0,513,14,36,102,143,184,27,7,0,0,0,0
"Robins AFB School District, Georgia","1300004",1413,168,286,464,256,159,68,4,0,0,2,6,269,82,72,72,29,9,3,2,0,0,0,0,1017,82,179,367,188,148,49,0,0,0,2,2,56,4,29,12,9,0,0,2,0,0,0,0,71,0,6,13,30,2,16,0,0,0,0,4
"Appling County School District, Georgia","1300060",18421,1287,3392,1548,2332,2258,2564,1088,716,595,1634,1007,14333,1156,3041,1289,1423,1559,1910,775,568,484,1178,950,3236,86,312,213,596,524,525,306,102,111,414,47,61,0,0,9,5,12,5,7,13,0,0,10,791,45,39,37,308,163,124,0,33,0,42,0
"Atkinson County School District, Georgia","1300090",8297,702,1672,743,1017,1246,1103,457,237,230,535,355,5645,641,1387,357,536,624,699,343,185,153,475,245,1498,49,164,250,221,193,246,85,52,68,60,110,60,0,3,25,0,22,3,7,0,0,0,0,1094,12,118,111,260,407,155,22,0,9,0,0
"Atlanta City School District, Georgia","1300120",440641,27976,54872,64398,86918,64608,54205,22470,8281,12224,25841,18848,231031,25782,45208,32783,33537,23644,22857,10941,4324,6566,14065,11324,171199,1941,7777,24619,41825,33210,26215,10101,3586,4941,10556,6428,5040,42,475,1049,1192,931,908,259,61,43,53,27,33371,211,1412,5947,10364,6823,4225,1169,310,674,1167,1069
"Bacon County School District, Georgia","1300150",11196,711,2096,1090,1409,1425,1480,670,255,511,949,600,8451,670,2003,675,989,963,979,437,164,443,690,438,2081,41,93,230,284,399,332,161,91,50,238,162,12,0,0,11,0,0,0,1,0,0,0,0,652,0,0,174,136,63,169,71,0,18,21,0
"Baker County School District, Georgia","1300180",3342,162,565,351,290,352,545,214,118,115,458,172,2959,156,559,330,220,304,467,183,118,109,373,140,351,6,6,21,68,48,48,31,0,6,85,32,19,0,0,0,2,0,17,0,0,0,0,0,13,0,0,0,0,0,13,0,0,0,0,0
"Baldwin County School District, Georgia","1300210",45854,2488,6586,8954,5343,4898,6083,3195,817,1538,3501,2451,36553,2423,5972,6998,4287,3742,4754,2328,618,1086,2593,1752,7818,65,587,1615,823,858,1105,787,175,310,879,614,266,0,10,97,43,52,13,15,0,0,5,31,1217,0,17,244,190,246,211,65,24,142,24,54
"Banks County School District, Georgia","1300240",18317,991,3464,1590,2036,2613,2663,1128,586,572,1822,852,13724,948,3030,1248,1444,1793,1822,752,382,431,1257,617,3876,43,399,266,477,575,707,342,189,133,516,229,70,0,0,3,0,25,26,13,0,3,0,0,647,0,35,73,115,220,108,21,15,5,49,6
"Barrow County School District, Georgia","1300290",70873,5167,14460,5776,10649,10501,9573,3789,1704,1844,4596,2814,43895,4981,11578,3588,6026,4936,4863,1919,794,965,2501,1744,21631,178,2365,1868,3312,4423,3719,1575,784,818,1673,916,532,0,103,19,36,178,70,59,18,12,22,15,4815,8,414,301,1275,964,921,236,108,49,400,139
"Bartow County School District, Georgia","1300330",81014,5198,15172,7539,10060,11750,12520,5637,1846,2408,5745,3139,53366,4927,12979,5321,6429,6773,6807,2906,923,1157,3125,2019,23311,247,1839,1760,2576,4057,4941,2413,895,1078,2443,1062,593,0,71,79,93,82,148,40,0,9,59,12,3744,24,283,379,962,838,624,278,28,164,118,46
"Ben Hill County School District, Georgia","1300360",17547,1372,3187,1718,1804,2291,2316,1033,484,792,1452,1098,13304,1359,2456,1275,1449,1436,1561,757,379,634,1071,927,3673,13,683,380,312,572,679,268,105,113,381,167,28,0,11,13,0,4,0,0,0,0,0,0,542,0,37,50,43,279,76,8,0,45,0,4
"Berrien County School District, Georgia","1300390",19091,1225,3457,1633,2349,2510,2690,1232,407,697,1736,1155,13721,958,2859,1226,1522,1581,1519,926,342,577,1325,886,4766,267,526,279,750,766,1045,282,51,120,411,269,114,0,11,12,33,36,11,11,0,0,0,0,490,0,61,116,44,127,115,13,14,0,0,0
"Bibb County School District, Georgia","1300420",155237,11346,28257,16302,20718,18543,20491,9953,3939,5189,11323,9176,119551,10673,24606,12655,15056,12910,14462,7637,2995,3614,8004,6939,28739,569,3012,2855,4014,4169,5010,2068,802,1312,2867,2061,1139,79,190,265,194,127,168,65,0,23,20,8,5808,25,449,527,1454,1337,851,183,142,240,432,168
"Bleckley County School District, Georgia","1300440",12912,722,2130,2190,1115,1533,1741,677,341,412,1150,901,10627,700,1944,1744,874,1289,1347,543,282,306,914,684,2050,22,142,372,241,220,338,134,59,98,236,188,28,0,5,4,0,11,8,0,0,0,0,0,207,0,39,70,0,13,48,0,0,8,0,29
"Brantley County School District, Georgia","1300480",18463,1301,3348,1674,2019,2420,2731,1279,383,860,1544,904,13740,1283,2803,1342,1437,1564,1787,788,300,635,1060,741,4531,18,545,332,544,826,869,491,75,225,458,148,74,0,0,0,16,0,58,0,0,0,0,0,118,0,0,0,22,30,17,0,8,0,26,15
"Bremen City School District, Georgia","1300510",6204,467,1411,600,649,1033,731,220,152,153,345,443,4856,432,1157,528,544,736,552,195,121,115,168,308,1199,35,212,72,63,271,170,25,31,38,158,124,63,0,21,0,42,0,0,0,0,0,0,0,86,0,21,0,0,26,9,0,0,0,19,11
"Brooks County School District, Georgia","1300540",15766,961,2619,1406,1679,1845,2337,1040,438,692,1643,1106,11141,857,2119,1158,1100,1280,1323,730,276,538,1041,719,4075,104,483,214,430,479,860,263,144,149,566,383,32,0,3,0,17,8,0,0,0,0,0,4,518,0,14,34,132,78,154,47,18,5,36,0
"Bryan County School District, Georgia","1300570",32185,2275,7092,2435,4151,4973,4762,2034,572,893,1934,1064,16892,1824,4513,1482,1933,1734,1841,1116,357,454,994,644,13192,418,2178,913,1978,2695,2403,726,188,423,896,374,701,33,279,34,188,118,13,15,17,0,0,4,1400,0,122,6,52,426,505,177,10,16,44,42
"Buford City School District, Georgia","1300600",12610,1218,2562,931,1728,2161,1583,619,147,338,732,591,6394,1154,1959,404,455,603,708,237,41,96,445,292,2954,64,393,222,335,382,527,313,77,178,200,263,246,0,25,0,22,167,0,32,0,0,0,0,3016,0,185,305,916,1009,348,37,29,64,87,36
"Bulloch County School District, Georgia","1300630",71940,4059,10587,19473,9389,7411,7619,3631,1377,1574,4078,2742,49699,3825,8586,13221,5950,4272,4915,2432,758,1150,2711,1879,18531,173,1737,5327,2548,2588,2061,1103,539,400,1261,794,758,61,31,342,66,71,150,3,17,10,7,0,2952,0,233,583,825,480,493,93,63,14,99,69
"Burke County School District, Georgia","1300660",23136,1659,4613,2273,2743,2643,3225,1562,805,625,1828,1160,18393,1612,4191,1728,2077,2026,2422,1265,554,468,1220,830,4147,47,391,450,470,602,667,273,236,136,545,330,242,0,0,0,105,15,94,13,15,0,0,0,354,0,31,95,91,0,42,11,0,21,63,0
"Butts County School District, Georgia","1300690",23469,1375,3793,2364,3124,3329,3420,1590,482,860,1916,1216,17897,1226,3423,1961,2356,2443,2542,816,353,564,1296,917,4770,139,310,268,738,585,842,674,129,254,542,289,111,0,0,0,0,65,0,8,0,7,21,10,691,10,60,135,30,236,36,92,0,35,57,0
"Calhoun City School District, Georgia","1300720",15837,1307,3077,1514,2532,1969,1695,820,274,608,1055,986,9098,1201,2292,712,916,832,751,551,168,388,670,617,3236,41,442,420,417,363,587,96,92,139,375,264,103,0,101,0,1,0,0,0,0,0,1,0,3400,65,242,382,1198,774,357,173,14,81,9,105
"Calhoun County School District, Georgia","1300750",6549,301,969,790,865,1072,936,407,184,234,375,416,4905,284,883,478,521,681,757,341,103,188,320,349,1266,17,86,243,231,278,144,53,68,46,52,48,56,0,0,27,1,13,13,2,0,0,0,0,322,0,0,42,112,100,22,11,13,0,3,19
"Camden County School District, Georgia","1300780",51193,3941,9378,6719,7551,6258,6884,2805,997,1487,3473,1700,17361,2402,4394,1820,1721,1614,1852,867,257,561,1169,704,31418,1506,4838,4661,5447,4128,4484,1635,688,905,2162,964,1062,28,115,120,217,295,190,36,36,4,21,0,1352,5,31,118,166,221,358,267,16,17,121,32
"Candler County School District, Georgia","1300810",11056,741,2111,1050,1121,1531,1356,740,255,428,1107,616,8022,688,1730,610,842,800,960,577,155,348,799,513,2314,53,360,287,212,505,314,134,35,80,265,69,31,0,0,0,0,16,15,0,0,0,0,0,689,0,21,153,67,210,67,29,65,0,43,34
"Carroll County School District, Georgia","1300840",86734,5815,16190,8704,10989,11814,12465,5673,1520,2919,6798,3847,60853,5323,14075,6874,7439,6922,7486,3450,942,1779,4097,2466,22916,492,1948,1731,2995,4071,4454,1988,539,941,2473,1284,743,0,95,34,104,172,146,106,18,8,60,0,2222,0,72,65,451,649,379,129,21,191,168,97
"Carrollton City School District, Georgia","1300870",25138,1707,3994,6654,3637,2604,2033,1314,227,545,1168,1255,15220,1483,2417,4190,2032,1197,1179,873,107,240,661,841,7061,224,1243,1902,552,950,617,355,120,287,407,404,118,0,6,8,0,0,85,0,0,0,19,0,2739,0,328,554,1053,457,152,86,0,18,81,10
"Cartersville City School District, Georgia","1300900",19757,1460,4106,1489,2765,2774,2330,968,424,542,1567,1332,12853,1337,3566,949,1377,1467,1314,517,299,342,881,804,5518,83,362,366,1118,746,912,450,108,200,686,487,164,0,0,0,74,54,36,0,0,0,0,0,1222,40,178,174,196,507,68,1,17,0,0,41
"Catoosa County School District, Georgia","1300930",64955,3767,12002,5340,7785,9240,9219,4053,1479,2518,5656,3896,22667,1768,4947,2025,2886,2656,2828,1534,372,837,1653,1161,40311,1999,6855,3189,4439,6151,6100,2341,1029,1613,3925,2670,469,0,28,20,149,88,89,35,12,25,12,11,1508,0,172,106,311,345,202,143,66,43,66,54
"Charlton County School District, Georgia","1300990",13098,715,1853,1356,1824,2319,1989,794,235,342,1027,644,6236,466,1056,637,518,1139,860,390,183,168,464,355,5701,249,795,657,1007,690,914,365,48,169,554,253,140,0,0,5,35,31,69,0,0,0,0,0,1021,0,2,57,264,459,146,39,4,5,9,36
"Chatham County School District, Georgia","1301020",275303,18976,42447,34855,44597,32832,34312,16240,6089,9362,20265,15328,155657,15946,31570,19031,21261,14736,17493,8725,2880,5404,10172,8439,97408,2619,9300,13184,17555,13990,13374,6153,2744,3476,8915,6098,4178,204,440,755,930,598,614,300,84,49,157,47,18060,207,1137,1885,4851,3508,2831,1062,381,433,1021,744
"Chattahoochee County School District, Georgia","1301050",2743,106,432,488,191,219,474,296,85,64,258,130,1574,106,315,252,118,76,255,112,69,39,126,106,995,0,87,236,62,111,200,140,16,0,119,24,71,0,0,0,11,0,13,26,0,21,0,0,103,0,30,0,0,32,6,18,0,4,13,0
"Chattooga County School District, Georgia","1301080",23360,1204,3867,1915,2792,3360,3358,1689,555,933,2077,1610,17925,1136,3139,1491,2241,2486,2600,1270,390,684,1463,1025,5048,68,700,400,495,778,689,383,165,247,544,579,40,0,19,0,0,12,7,0,0,0,2,0,347,0,9,24,56,84,62,36,0,2,68,6
"Cherokee County School District, Georgia","1301110",221951,14861,44491,17635,27022,35280,33829,13641,4568,7084,15616,7924,104568,13301,31674,9960,11172,10952,11015,4237,1474,2279,4969,3535,95337,1492,11180,5599,10959,19373,18768,7682,2771,4312,9359,3842,2614,36,285,269,362,571,606,351,68,27,24,15,19432,32,1352,1807,4529,4384,3440,1371,255,466,1264,532
"Chickamauga City School District, Georgia","1301140",3125,124,618,414,369,545,463,213,37,6,146,190,1463,48,322,264,192,246,133,96,6,6,42,108,1581,76,285,150,144,290,318,117,31,0,104,66,54,0,0,0,33,9,12,0,0,0,0,0,27,0,11,0,0,0,0,0,0,0,0,16
"Clarke County School District, Georgia","1301170",119681,7012,13845,35091,20064,12569,10436,5145,2003,2620,6141,4755,69853,6288,10088,21379,9878,5816,5224,2658,1087,1649,3331,2455,36536,543,2875,10907,6537,4126,3635,1971,746,853,2348,1995,1263,62,96,388,188,203,105,53,34,12,49,73,12029,119,786,2417,3461,2424,1472,463,136,106,413,232
"Clay County School District, Georgia","1301200",3110,357,549,236,321,262,359,294,99,134,268,231,2350,298,467,172,249,183,264,216,55,91,202,153,724,59,75,64,72,61,95,78,44,43,55,78,0,0,0,0,0,0,0,0,0,0,0,0,36,0,7,0,0,18,0,0,0,0,11,0
"Clayton County School District, Georgia","1301230",264221,21556,53678,28227,39579,38706,36169,14200,5476,6929,12840,6861,135374,19126,38541,13913,17112,13943,13558,5887,2347,3063,4843,3041,84957,2150,11379,9942,12941,14581,15407,5663,2069,2740,5630,2455,4099,162,796,678,734,866,412,130,23,43,174,81,39791,118,2962,3694,8792,9316,6792,2520,1037,1083,2193,1284
